{
    "metrics": {
        "vus_max": {
            "value": 5,
            "min": 5,
            "max": 5
        },
        "http_reqs": {
            "count": 145,
            "rate": 4.68541645387067
        },
        "http_req_duration": {
            "min": 17.266,
            "med": 37.836,
            "max": 463.051,
            "p(90)": 75.3152,
            "p(95)": 113.947,
            "avg": 53.46843448275863
        },
        "http_req_sending": {
            "max": 2.442,
            "p(90)": 0.12780000000000002,
            "p(95)": 0.16279999999999983,
            "avg": 0.10969655172413793,
            "min": 0.02,
            "med": 0.085
        },
        "http_req_receiving": {
            "p(90)": 0.1032,
            "p(95)": 0.3937999999999999,
            "avg": 0.11324137931034486,
            "min": 0.016,
            "med": 0.038,
            "max": 1.988
        },
        "http_req_tls_handshaking": {
            "p(90)": 0,
            "p(95)": 0,
            "avg": 3.0402482758620692,
            "min": 0,
            "med": 0,
            "max": 94.113
        },
        "http_req_failed": {
            "passes": 0,
            "fails": 145,
            "value": 0
        },
        "unexpected_5xx": {
            "passes": 0,
            "fails": 145,
            "thresholds": {
                "rate==0": false
            },
            "value": 0
        },
        "data_received": {
            "count": 132480,
            "rate": 4280.854977991629
        },
        "http_req_waiting": {
            "p(90)": 75.21360000000001,
            "p(95)": 113.8124,
            "avg": 53.24549655172414,
            "min": 17.148,
            "med": 37.719,
            "max": 462.743
        },
        "iteration_duration": {
            "med": 1038.913458,
            "max": 1578.621333,
            "p(90)": 1075.9341084,
            "p(95)": 1114.923916,
            "avg": 1058.509915013794,
            "min": 1018.0985
        },
        "http_req_duration{expected_response:true}": {
            "avg": 53.46843448275863,
            "min": 17.266,
            "med": 37.836,
            "max": 463.051,
            "p(90)": 75.3152,
            "p(95)": 113.947
        },
        "vus": {
            "max": 5,
            "value": 5,
            "min": 5
        },
        "data_sent": {
            "count": 14680,
            "rate": 474.3580244332512
        },
        "http_req_blocked": {
            "avg": 3.9854137931034397,
            "min": 0,
            "med": 0,
            "max": 117.546,
            "p(90)": 0.001,
            "p(95)": 0.001
        },
        "http_req_connecting": {
            "avg": 0.8062068965517241,
            "min": 0,
            "med": 0,
            "max": 27.131,
            "p(90)": 0,
            "p(95)": 0
        },
        "iterations": {
            "count": 145,
            "rate": 4.68541645387067
        },
        "functional_success": {
            "passes": 145,
            "fails": 0,
            "thresholds": {
                "rate>0.99": false
            },
            "value": 1
        },
        "checks": {
            "passes": 145,
            "fails": 0,
            "value": 1
        }
    },
    "root_group": {
        "path": "",
        "id": "d41d8cd98f00b204e9800998ecf8427e",
        "groups": {},
        "checks": {
                "target returned 2xx/3xx": {
                    "name": "target returned 2xx/3xx",
                    "path": "::target returned 2xx/3xx",
                    "id": "a1a8b7fc623bd0fca2f84de2285a0182",
                    "passes": 145,
                    "fails": 0
                }
            },
        "name": ""
    }
}